ID,Fecha,Latitud,Longitud,Departamento,Provincia,Distrito
SLIP-1,24/11/2018,-13.141219,-70.387746,PUNO,CARABAYA,AYAPATA
SLIP-2,20/12/2018,-13.00579,-72.552091,CUSCO,LA CONVENCION,HUAYOPATA
SLIP-3,8/01/2019,-9.081018,-75.714462,UCAYALI,PADRE ABAD,PADRE ABAD
SLIP-4,18/01/2019,-12.741,-73.969,AYACUCHO,LA MAR,AYNA
SLIP-5,3/02/2019,-16.438002,-73.117861,AREQUIPA,CAMANA,OCOÑA
SLIP-6,2/02/2019,-8.558782,-77.638564,ANCASH,SIHUAS,SIHUAS
SLIP-7,27/01/2019,-9.04801,-77.82912,ANCASH,HUAYLAS,CARAZ
SLIP-8,25/01/2019,-10.027068,-77.586494,ANCASH,RECUAY,TAPACOCHA
SLIP-9,23/01/2019,-9.35984,-78.152737,ANCASH,CASMA,BUENA VISTA ALTA
SLIP-10,23/01/2019,-9.038987,-77.810432,ANCASH,HUAYLAS,CARAZ
SLIP-11,18/01/2019,-12.740646,-73.969517,AYACUCHO,LA MAR,AYNA
SLIP-12,12/10/2018,-13.125226,-72.977781,CUSCO,LA CONVENCION,VILCABAMBA
SLIP-13,14/10/2018,-11.904169,-74.70952,JUNIN,HUANCAYO,SANTO DOMINGO DE ACOBAMBA
SLIP-14,25/01/2019,-9.778439,-77.592412,ANCASH,AIJA,AIJA
SLIP-15,29/01/2019,-17.647126,-69.944859,TACNA,TACNA,PACHIA
SLIP-16,5/02/2019,-16.453318,-71.59713,AREQUIPA,AREQUIPA,TIABAYA
SLIP-17,7/02/2019,-16.075715,-72.495486,AREQUIPA,CASTILLA,APLAO
SLIP-18,7/02/2019,-6.229376,-77.731462,AMAZONAS,CHACHAPOYAS,SAN FRANCISCO DE DAGUAS
SLIP-19,25/02/2019,-16.385796,-70.859906,MOQUEGUA,GENERAL SANCHEZ CERRO,UBINAS
SLIP-20,30/01/2019,-14.28998,-73.255352,APURIMAC,AYMARAES,CHALHUANCA
SLIP-21,3/02/2019,-6.579967,-76.26127,SAN MARTIN,SAN MARTIN,SHAPAJA
SLIP-22,1/02/2019,-8.681005,-77.555115,ANCASH,SIHUAS,SAN JUAN
SLIP-23,27/01/2019,-10.36392,-76.103088,HUANUCO,AMBO,SAN RAFAEL
SLIP-24,3/02/2019,-16.458962,-70.712791,MOQUEGUA,GENERAL SANCHEZ CERRO,CHOJATA
SLIP-25,29/01/2019,-8.33106,-77.978011,ANCASH,PALLASCA,HUANDOVAL
SLIP-26,22/01/2019,-12.618274,-73.806193,AYACUCHO,LA MAR,AYNA
SLIP-27,30/01/2019,-18.001822,-70.264967,TACNA,TACNA,ALTO DE LA ALIANZA
SLIP-28,8/02/2019,-14.35387,-73.461581,APURIMAC,ANDAHUAYLAS,PAMPACHIRI
SLIP-29,8/02/2019,-14.646912,-75.073256,ICA,NASCA,EL INGENIO
SLIP-30,9/02/2019,-10.067873,-76.211501,HUANUCO,AMBO,TOMAY KICHWA
SLIP-31,8/02/2019,-17.420229,-70.513064,TACNA,JORGE BASADRE,ILABAYA
SLIP-32,8/02/2019,-17.858334,-70.122186,TACNA,TACNA,PACHIA
SLIP-33,6/02/2019,-10.178775,-77.56069,ANCASH,RECUAY,LLACLLIN
SLIP-34,8/02/2019,-14.520578,-75.20208,ICA,PALPA,RIO GRANDE
SLIP-35,8/02/2019,-17.179269,-70.912543,MOQUEGUA,MARISCAL NIETO,MOQUEGUA
SLIP-36,8/02/2019,-14.139065,-75.575485,ICA,ICA,YAUCA DEL ROSARIO
SLIP-37,7/02/2019,-5.173456,-78.288795,AMAZONAS,BAGUA,IMAZA
SLIP-38,22/01/2019,-9.204473,-75.800367,HUANUCO,LEONCIO PRADO,DANIEL ALOMIA ROBLES
SLIP-39,12/11/2018,-13.214687,-71.647029,CUSCO,PAUCARTAMBO,CHALLABAMBA
SLIP-40,25/11/2018,-5.420128,-79.080483,CAJAMARCA,JAEN,SAN JOSE DEL ALTO
SLIP-41,16/11/2018,-10.471523,-76.355479,PASCO,DANIEL ALCIDES CARRION,SANTA ANA DE TUSI
SLIP-42,12/02/2019,-11.911897,-76.539076,LIMA,HUAROCHIRI,SANTA CRUZ DE COCACHACRA
SLIP-43,22/02/2018,-13.552848,-71.856868,CUSCO,CUSCO,SAN JERONIMO
SLIP-44,5/04/2018,-5.683899,-77.923447,AMAZONAS,BONGARA,YAMBRASBAMBA
SLIP-45,26/03/2018,-9.662533,-77.464109,ANCASH,HUARAZ,OLLEROS
SLIP-46,10/03/2018,-13.140401,-72.599035,CUSCO,LA CONVENCION,SANTA TERESA
SLIP-47,28/02/2018,-12.89794,-72.412524,CUSCO,LA CONVENCION,OCOBAMBA
SLIP-48,4/02/2018,-9.828909,-76.805334,HUANUCO,DOS DE MAYO,RIPAN
SLIP-49,7/02/2018,-13.015454,-73.975541,AYACUCHO,LA MAR,SAN MIGUEL
SLIP-50,15/02/2018,-11.688363,-76.86347,LIMA,CANTA,SANTA ROSA DE QUIVES
SLIP-51,6/02/2018,-6.254529,-77.700456,AMAZONAS,CHACHAPOYAS,CHETO
SLIP-52,25/12/2017,-10.820975,-75.123264,JUNIN,CHANCHAMAYO,PERENE
SLIP-53,20/12/2017,-14.302905,-73.227273,APURIMAC,AYMARAES,CHALHUANCA
SLIP-54,12/02/2019,-5.147003,-79.427893,PIURA,HUANCABAMBA,EL CARMEN DE LA FRONTERA
SLIP-55,1/04/2017,-11.375131,-75.265605,JUNIN,JAUJA,MONOBAMBA
SLIP-56,7/04/2017,-9.229485,-77.622655,ANCASH,CARHUAZ,SHILLA
SLIP-57,7/04/2017,-9.214863,-77.69434,ANCASH,YUNGAY,SHUPLUY
SLIP-58,7/01/2019,-10.261915,-74.974522,PASCO,OXAPAMPA,PUERTO BERMUDEZ
SLIP-59,7/02/2019,-5.163109,-78.287655,AMAZONAS,BAGUA,IMAZA
SLIP-60,26/11/2018,-6.434889,-77.354395,AMAZONAS,RODRIGUEZ DE MENDOZA,OMIA
SLIP-61,15/02/2019,-6.561782,-76.104496,SAN MARTIN,SAN MARTIN,CHAZUTA
SLIP-62,7/02/2019,-6.241771,-77.729041,AMAZONAS,CHACHAPOYAS,SAN FRANCISCO DE DAGUAS
SLIP-63,14/02/2019,-15.13535,-72.765982,AREQUIPA,LA UNION,ALCA
SLIP-64,7/02/2019,-15.9009,-73.044126,AREQUIPA,CONDESUYOS,RIO GRANDE
SLIP-65,22/02/2018,-10.332484,-76.179123,HUANUCO,AMBO,SAN RAFAEL
SLIP-66,15/01/2019,-10.33684,-76.183196,HUANUCO,AMBO,SAN RAFAEL
SLIP-67,7/02/2019,-16.074473,-72.494044,AREQUIPA,CASTILLA,APLAO
SLIP-68,6/02/2019,-16.556198,-71.443771,AREQUIPA,AREQUIPA,QUEQUEÑA
SLIP-69,16/02/2019,-13.002686,-74.722876,HUANCAVELICA,ANGARAES,LIRCAY
SLIP-70,16/11/2018,-9.786162,-75.998298,HUANUCO,HUANUCO,SAN PABLO DE PILLAO
SLIP-71,27/01/2019,-17.882873,-70.140539,TACNA,TACNA,PACHIA
SLIP-72,28/01/2019,-5.940012,-77.974062,AMAZONAS,BONGARA,JAZAN
SLIP-73,28/01/2019,-11.455124,-76.618715,LIMA,CANTA,CANTA
SLIP-74,12/10/2018,-13.122958,-72.977531,CUSCO,LA CONVENCION,VILCABAMBA
SLIP-75,18/02/2019,-12.765522,-74.845949,HUANCAVELICA,HUANCAVELICA,YAULI
SLIP-76,2/03/2017,-11.151437,-74.238483,JUNIN,SATIPO,RIO TAMBO
SLIP-77,6/01/2015,-12.231964,-74.906832,HUANCAVELICA,TAYACAJA,PICHOS
SLIP-78,7/12/2014,-13.191385,-74.211374,AYACUCHO,HUAMANGA,SAN JUAN BAUTISTA
SLIP-79,10/10/2014,-12.710537,-72.058667,CUSCO,CALCA,YANATILE
SLIP-80,25/10/2014,-5.813106,-77.51754,SAN MARTIN,RIOJA,PARDO MIGUEL
SLIP-81,3/04/2018,-12.830826,-72.140693,CUSCO,CALCA,YANATILE
SLIP-82,7/03/2018,-12.612456,-73.113036,CUSCO,LA CONVENCION,ECHARATE
SLIP-83,26/03/2018,-12.688146,-72.258209,CUSCO,CALCA,YANATILE
SLIP-84,9/12/2018,-7.870945,-76.67946,SAN MARTIN,TOCACHE,POLVORA
SLIP-85,13/11/2018,-10.480081,-75.56864,PASCO,OXAPAMPA,HUANCABAMBA
SLIP-86,4/11/2018,-9.374291,-77.147589,ANCASH,HUARI,CAJAY
SLIP-87,1/05/2018,-10.940325,-75.203728,JUNIN,CHANCHAMAYO,PERENE
SLIP-88,29/03/2018,-9.364966,-77.5844,ANCASH,CARHUAZ,PARIAHUANCA
SLIP-89,27/03/2018,-10.544734,-77.114484,LIMA,CAJATAMBO,HUANCAPON
SLIP-90,27/03/2018,-10.771441,-75.149855,JUNIN,CHANCHAMAYO,PERENE
SLIP-91,26/03/2018,-13.605984,-73.74412,APURIMAC,CHINCHEROS,COCHARCAS
SLIP-92,25/03/2018,-13.536693,-74.748167,AYACUCHO,CANGALLO,PARAS
SLIP-93,23/03/2018,-12.158532,-75.265483,JUNIN,HUANCAYO,CHUPURO
SLIP-94,16/03/2018,-14.32161,-69.466119,PUNO,SANDIA,SANDIA
SLIP-95,25/02/2019,-11.954312,-76.746446,LIMA,LIMA,LURIGANCHO
SLIP-96,25/02/2019,-11.994738,-76.816205,LIMA,LIMA,CHACLACAYO
SLIP-97,25/02/2019,-11.989233,-76.796483,LIMA,LIMA,CHACLACAYO
SLIP-98,25/02/2019,-11.986935,-76.779477,LIMA,LIMA,CHACLACAYO
SLIP-99,25/02/2019,-11.984598,-76.77125,LIMA,LIMA,CHACLACAYO
SLIP-100,25/02/2019,-11.98201,-76.743502,LIMA,LIMA,CHACLACAYO
SLIP-101,25/02/2019,-11.945406,-76.731636,LIMA,LIMA,LURIGANCHO
SLIP-102,25/02/2019,-11.951613,-76.930498,LIMA,LIMA,LURIGANCHO
SLIP-103,25/02/2019,-11.970035,-76.924418,LIMA,LIMA,LURIGANCHO
SLIP-104,23/02/2019,-13.740759,-75.228153,HUANCAVELICA,HUAYTARA,SANTO DOMINGO DE CAPILLAS
SLIP-105,25/02/2019,-13.693602,-73.112665,APURIMAC,ANDAHUAYLAS,KISHUARA
SLIP-106,23/01/2018,-12.416862,-74.860081,HUANCAVELICA,TAYACAJA,PAMPAS
SLIP-107,23/01/2018,-15.756008,-72.919222,AREQUIPA,CONDESUYOS,YANAQUIHUA
SLIP-108,23/01/2018,-15.235152,-73.421204,AYACUCHO,PAUCAR DEL SARA SARA,PARARCA
SLIP-109,18/01/2018,-9.571806,-76.419946,HUANUCO,DOS DE MAYO,MARIAS
SLIP-110,15/01/2018,-13.083989,-72.646506,CUSCO,LA CONVENCION,SANTA TERESA
SLIP-111,9/01/2018,-13.108952,-72.60849,CUSCO,LA CONVENCION,SANTA TERESA
SLIP-112,9/01/2018,-5.022155,-78.331229,AMAZONAS,BAGUA,IMAZA
SLIP-113,29/11/2017,-13.658709,-71.665273,CUSCO,QUISPICANCHI,ANDAHUAYLILLAS
SLIP-114,23/04/2017,-11.157455,-75.392382,JUNIN,CHANCHAMAYO,SAN RAMON
SLIP-115,1/03/2019,-5.428151,-78.454895,AMAZONAS,BAGUA,ARAMANGO
SLIP-116,3/01/2018,-13.322321,-72.846251,CUSCO,LA CONVENCION,SANTA TERESA
SLIP-117,18/12/2017,-13.778402,-72.983208,APURIMAC,ABANCAY,PICHIRHUA
SLIP-118,8/04/2017,-12.45776,-76.227202,LIMA,YAUYOS,SAN PEDRO DE PILAS
SLIP-119,4/04/2017,-9.587133,-77.525065,ANCASH,HUARAZ,HUARAZ
SLIP-120,3/04/2017,-12.129678,-76.216223,LIMA,HUAROCHIRI,SAN PEDRO DE HUANCAYRE
SLIP-121,31/03/2017,-9.396962,-77.192853,ANCASH,HUARI,HUARI
SLIP-122,15/02/2017,-12.617744,-76.15743,LIMA,YAUYOS,TAURIPAMPA
SLIP-123,7/02/2017,-12.293698,-76.136973,LIMA,YAUYOS,HUAÑEC
SLIP-124,17/03/2017,-11.195289,-76.633095,LIMA,HUARAL,SANTA CRUZ DE ANDAMARCA
SLIP-125,20/02/2017,-12.769861,-76.157957,LIMA,YAUYOS,TAURIPAMPA
SLIP-126,27/02/2017,-12.880975,-75.806054,LIMA,YAUYOS,VIÑAC
SLIP-127,25/01/2017,-11.90187,-76.943707,LIMA,LIMA,SAN JUAN DE LURIGANCHO
SLIP-128,28/03/2017,-10.547896,-77.10722,LIMA,CAJATAMBO,HUANCAPON
SLIP-129,2/02/2017,-11.898413,-76.935937,LIMA,LIMA,SAN JUAN DE LURIGANCHO
SLIP-130,23/02/2017,-12.118221,-75.828841,LIMA,YAUYOS,HUANCAYA
SLIP-131,27/02/2017,-12.861962,-76.020995,LIMA,CAÑETE,ZUÑIGA
SLIP-132,15/03/2017,-12.537052,-76.30832,LIMA,YAUYOS,OMAS
SLIP-133,15/03/2017,-11.877102,-76.550593,LIMA,HUAROCHIRI,SAN MATEO DE OTAO
SLIP-134,15/03/2017,-9.847881,-78.01809,ANCASH,HUARMEY,CULEBRAS
SLIP-135,24/03/2017,-14.215499,-75.203498,ICA,PALPA,TIBILLO
SLIP-136,24/03/2017,-14.184391,-75.192252,ICA,PALPA,TIBILLO
SLIP-137,24/03/2017,-14.23223,-75.200546,ICA,PALPA,TIBILLO
SLIP-138,24/03/2017,-14.123164,-75.133028,ICA,PALPA,TIBILLO
SLIP-139,24/03/2017,-14.126324,-75.185689,ICA,PALPA,TIBILLO
SLIP-140,24/03/2017,-14.089959,-75.174722,ICA,PALPA,TIBILLO
SLIP-141,17/01/2017,-12.448813,-76.213801,LIMA,YAUYOS,SAN PEDRO DE PILAS
SLIP-142,12/02/2017,-12.492051,-76.217653,LIMA,YAUYOS,SAN PEDRO DE PILAS
SLIP-143,27/03/2017,-12.534842,-76.219722,LIMA,YAUYOS,OMAS
SLIP-144,21/03/2017,-12.52863,-76.21549,LIMA,YAUYOS,SAN PEDRO DE PILAS
SLIP-145,27/01/2017,-12.858162,-75.958134,LIMA,YAUYOS,CHOCOS
SLIP-146,21/10/2017,-9.851751,-76.277836,HUANUCO,HUANUCO,SANTA MARIA DEL VALLE
SLIP-147,15/12/2016,-12.406475,-76.570541,LIMA,CAÑETE,CHILCA
SLIP-148,8/02/2017,-12.286459,-76.138285,LIMA,YAUYOS,SAN JOAQUIN
SLIP-149,8/02/2017,-12.252243,-76.130151,LIMA,YAUYOS,SAN JOAQUIN
SLIP-150,8/02/2017,-12.263223,-76.137377,LIMA,YAUYOS,SAN JOAQUIN
SLIP-151,8/02/2017,-12.271759,-76.136055,LIMA,YAUYOS,SAN JOAQUIN
SLIP-152,8/02/2017,-12.230895,-76.071718,LIMA,YAUYOS,SAN JOAQUIN
SLIP-153,8/02/2017,-12.276735,-76.146507,LIMA,YAUYOS,SAN JOAQUIN
SLIP-154,8/02/2017,-12.283395,-76.147303,LIMA,YAUYOS,SAN JOAQUIN
SLIP-155,2/02/2017,-12.342238,-76.328871,LIMA,YAUYOS,QUINOCAY
SLIP-156,17/01/2017,-12.860459,-76.021781,LIMA,CAÑETE,ZUÑIGA
SLIP-157,8/02/2017,-11.142287,-76.623752,LIMA,HUARAL,SANTA CRUZ DE ANDAMARCA
SLIP-158,25/01/2017,-11.223109,-77.308568,LIMA,HUAURA,SAYAN
SLIP-159,8/02/2017,-11.946564,-76.504036,LIMA,HUAROCHIRI,SAN BARTOLOME
SLIP-160,8/02/2017,-11.934327,-76.512359,LIMA,HUAROCHIRI,SAN BARTOLOME
SLIP-161,8/02/2017,-11.906376,-76.502487,LIMA,HUAROCHIRI,SAN BARTOLOME
SLIP-162,8/02/2017,-11.891093,-76.486162,LIMA,HUAROCHIRI,SURCO
SLIP-163,2/02/2017,-11.766352,-76.356597,LIMA,HUAROCHIRI,SAN MATEO
SLIP-164,17/02/2017,-10.462027,-76.246153,PASCO,PASCO,PALLANCHACRA
SLIP-165,17/02/2017,-10.462027,-76.246153,PASCO,PASCO,PALLANCHACRA
SLIP-166,16/02/2017,-9.014595,-78.140209,ANCASH,SANTA,CACERES DEL PERU
SLIP-167,17/01/2017,-12.597431,-75.940871,LIMA,YAUYOS,COLONIA
SLIP-168,17/01/2017,-12.632734,-75.885116,LIMA,YAUYOS,COLONIA
SLIP-169,17/01/2017,-12.636514,-75.724926,LIMA,YAUYOS,COLONIA
SLIP-170,17/01/2017,-12.573242,-75.915083,LIMA,YAUYOS,COLONIA
SLIP-171,17/01/2017,-12.500727,-75.881948,LIMA,YAUYOS,COLONIA
SLIP-172,17/01/2017,-12.56403,-75.90589,LIMA,YAUYOS,COLONIA
SLIP-173,14/03/2019,-11.575633,-75.11466,JUNIN,CONCEPCION,MARISCAL CASTILLA
SLIP-174,14/03/2019,-11.753518,-74.815261,JUNIN,CONCEPCION,ANDAMARCA
SLIP-175,13/03/2019,-4.59949,-79.854653,PIURA,AYABACA,MONTERO
SLIP-176,12/03/2019,-5.338782,-79.527061,PIURA,HUANCABAMBA,SONDORILLO
SLIP-177,12/03/2019,-5.338782,-79.527061,PIURA,HUANCABAMBA,SONDORILLO
SLIP-178,22/03/2019,-12.793912,-73.620725,CUSCO,LA CONVENCION,KIMBIRI
SLIP-179,19/03/2019,-12.791692,-73.622005,CUSCO,LA CONVENCION,KIMBIRI
SLIP-180,1/03/2019,-7.153611111,-78.51222222,CAJAMARCA,CAJAMARCA,CAJAMARCA
SLIP-181,2/03/2019,-13.63888889,-72.8925,APURIMAC,ABANCAY,ABANCAY
SLIP-182,2/03/2019,-6.483883,-76.386567,SAN MARTIN,SAN MARTIN,MORALES
SLIP-183,3/03/2019,-6.547705,-78.029278,AMAZONAS,LUYA,COCABAMBA
SLIP-184,3/03/2019,-14.204224,-73.346581,APURIMAC,AYMARAES,SAÑAYCA
SLIP-185,3/03/2019,-14.018175,-73.447279,APURIMAC,ANDAHUAYLAS,TUMAY HUARACA
SLIP-186,3/03/2019,-7.809931,-77.687266,LA LIBERTAD,SANCHEZ CARRION,COCHORCO
SLIP-187,3/03/2019,-14.006546,-73.54824,APURIMAC,ANDAHUAYLAS,HUAYANA
SLIP-188,4/03/2019,-14.288278,-73.256713,APURIMAC,AYMARAES,CHALHUANCA
SLIP-189,4/03/2019,-13.623987,-72.871606,APURIMAC,ABANCAY,TAMBURCO
SLIP-190,7/03/2019,-7.689252,-78.443332,LA LIBERTAD,OTUZCO,HUARANCHAL
SLIP-191,7/03/2019,-11.357254,-75.32587,JUNIN,JAUJA,MONOBAMBA
SLIP-192,7/03/2019,-10.035757,-76.215446,HUANUCO,AMBO,CONCHAMARCA
SLIP-193,8/03/2019,-14.14754,-69.690977,PUNO,SANDIA,LIMBANI
SLIP-194,13/03/2019,-10.327792,-76.183481,HUANUCO,AMBO,SAN RAFAEL
SLIP-195,13/03/2019,-13.794956,-70.471862,PUNO,CARABAYA,OLLACHEA
SLIP-196,15/03/2019,-6.838998,-78.245573,CAJAMARCA,CELENDIN,HUASMIN
SLIP-197,15/03/2019,-9.018227,-77.876168,ANCASH,HUAYLAS,HUATA
SLIP-198,16/03/2019,-9.540695,-76.740875,HUANUCO,HUAMALIES,JACAS GRANDE
SLIP-199,8/02/2019,-8.437186,-78.1781,LA LIBERTAD,SANTIAGO DE CHUCO,SANTIAGO DE CHUCO
SLIP-200,17/08/2019,-10.641123,-75.953937,PASCO,PASCO,HUACHON
SLIP-201,20/03/2019,-12.618562,-73.790274,CUSCO,LA CONVENCION,KIMBIRI
SLIP-202,20/03/2019,-10.219645,-77.070697,ANCASH,BOLOGNESI,PACLLON
SLIP-203,20/03/2019,-8.121324,-77.357191,LA LIBERTAD,PATAZ,BULDIBUYO
SLIP-204,20/03/2019,-7.641269,-78.548566,LA LIBERTAD,GRAN CHIMU,LUCMA
SLIP-205,21/03/2019,-8.428348,-77.236883,LA LIBERTAD,PATAZ,HUANCASPATA
SLIP-206,21/03/2019,-14.790947,-70.356789,PUNO,AZANGARO,ASILLO
SLIP-207,21/03/2019,-6.225416,-77.864742,AMAZONAS,CHACHAPOYAS,CHACHAPOYAS
SLIP-208,24/03/2019,-13.174773,-72.559,CUSCO,URUBAMBA,MACHUPICCHU
SLIP-209,26/03/2019,-12.617766,-73.788643,CUSCO,LA CONVENCION,KIMBIRI
SLIP-210,27/03/2019,-9.830567,-76.850512,HUANUCO,DOS DE MAYO,RIPAN
SLIP-211,30/03/2019,-12.801295,-73.67453,AYACUCHO,LA MAR,SAMUGARI
SLIP-212,31/03/2019,-11.312935,-74.681471,JUNIN,SATIPO,COVIRIALI
SLIP-213,31/03/2019,-11.330304,-74.534125,JUNIN,SATIPO,MAZAMARI
SLIP-214,31/03/2019,-11.13119,-74.022035,JUNIN,SATIPO,RIO TAMBO
SLIP-215,31/03/2019,-11.736279,-74.022035,JUNIN,SATIPO,MAZAMARI
SLIP-216,1/04/2019,-12.618352,-73.789802,CUSCO,LA CONVENCION,KIMBIRI
SLIP-217,3/04/2019,-10.737669,-75.275737,PASCO,OXAPAMPA,VILLA RICA
SLIP-218,3/04/2019,-5.739018,-78.427856,AMAZONAS,UTCUBAMBA,CAJARURO
SLIP-219,3/04/2019,-6.238741,-77.741973,AMAZONAS,CHACHAPOYAS,SAN FRANCISCO DE DAGUAS
SLIP-220,3/04/2019,-6.220296,-77.874956,AMAZONAS,CHACHAPOYAS,CHACHAPOYAS
SLIP-221,3/04/2019,-13.65826,-73.028183,APURIMAC,ANDAHUAYLAS,HUANCARAMA
SLIP-222,4/04/2019,-10.329152,-76.110332,HUANUCO,AMBO,SAN RAFAEL
SLIP-223,4/04/2019,-13.246915,-72.51866,CUSCO,URUBAMBA,MACHUPICCHU
SLIP-224,4/04/2019,-9.828637,-76.800998,HUANUCO,DOS DE MAYO,LA UNION
SLIP-225,5/04/2019,-9.930878,-76.238589,HUANUCO,HUANUCO,HUANUCO
SLIP-226,6/04/2019,-8.997654,-75.372901,UCAYALI,PADRE ABAD,IRAZOLA
SLIP-227,9/04/2019,-10.070086,-75.551004,PASCO,OXAPAMPA,POZUZO
SLIP-228,12/04/2019,-17.076098,-70.844051,MOQUEGUA,MARISCAL NIETO,TORATA
SLIP-229,14/04/2019,-12.638856,-74.580105,HUANCAVELICA,CHURCAMPA,ANCO
SLIP-230,15/04/2019,-7.450906,-78.268736,CAJAMARCA,CAJABAMBA,CACHACHI
SLIP-231,19/04/2019,-10.129728,-76.224503,HUANUCO,AMBO,AMBO
SLIP-232,27/10/2019,-11.105098,-75.001708,JUNIN,CHANCHAMAYO,PERENE
SLIP-233,30/10/2019,-6.93337436,-78.98111066,CAJAMARCA,SAN MIGUEL,CALQUIS
SLIP-234,3/11/2019,-14.145028,-73.140602,APURIMAC,AYMARAES,TAPAIRIHUA
SLIP-235,5/12/2019,-13.007151,-72.590804,CUSCO,LA CONVENCION,HUAYOPATA
SLIP-236,6/12/2019,-13.494274,-72.047138,CUSCO,CUSCO,POROY
SLIP-237,7/12/2019,-5.265802,-79.431362,PIURA,HUANCABAMBA,SONDOR
SLIP-238,10/12/2019,-7.785231,-77.593708,LA LIBERTAD,PATAZ,PATAZ
SLIP-239,4/12/2019,-8.639506,-76.752501,HUANUCO,MARAÑON,CHOLON
SLIP-240,30/12/2019,-12.1304,-75.3148,JUNIN,CHUPACA,SAN JUAN DE ISCOS
SLIP-241,23/12/2019,-13.0267,-72.4747,CUSCO,LA CONVENCION,HUAYOPATA
SLIP-242,23/12/2019,-10.4805,-76.3507,PASCO,DANIEL ALCIDES CARRION,SANTA ANA DE TUSI
SLIP-243,23/12/2019,-10.4587,-76.4594,PASCO,DANIEL ALCIDES CARRION,TAPUC
SLIP-244,23/12/2019,-9.1772,-77.7447,ANCASH,YUNGAY,MATACOTO
SLIP-245,18/10/2019,-12.617931,-73.802,AYACUCHO,LA MAR,AYNA
SLIP-246,20/10/2019,-6.4425,-76.492655,SAN MARTIN,LAMAS,LAMAS
SLIP-247,25/10/2019,-12.6177,-73.871,AYACUCHO,HUANTA,SIVIA
SLIP-248,30/10/2019,-7.002,-78.842745,CAJAMARCA,SAN MIGUEL,SAN MIGUEL
SLIP-249,10/11/2019,-6.850114,-78.03341,CAJAMARCA,CELENDIN,UTCO
SLIP-250,14/11/2019,-12.667836,-74.568345,HUANCAVELICA,CHURCAMPA,ANCO
SLIP-251,7/01/2020,-12.775254,-72.609775,CUSCO,LA CONVENCION,ECHARATE
SLIP-252,5/01/2020,-11.764483,-76.59251,LIMA,HUAROCHIRI,SAN PEDRO DE CASTA
SLIP-253,1/01/2020,-8.3415861,-76.76,SAN MARTIN,TOCACHE,SHUNTE
SLIP-254,29/12/2019,-8.253512,-77.309373,LA LIBERTAD,PATAZ,TAYABAMBA
SLIP-255,26/12/2019,-10.1533,-76.19044,HUANUCO,AMBO,AMBO
SLIP-256,22/12/2019,-9.181578,-77.745608,ANCASH,YUNGAY,MATACOTO
SLIP-257,24/12/2019,-12.725043,-73.878891,AYACUCHO,LA MAR,AYNA
SLIP-258,23/12/2019,-12.275118,-75.7822,LIMA,YAUYOS,ALIS
SLIP-259,22/12/2019,-11.407468,-76.563185,LIMA,CANTA,HUAROS
SLIP-260,6/01/2020,-10.228576,-75.142535,PASCO,OXAPAMPA,PALCAZU
SLIP-261,7/01/2020,-13.438313,-70.409023,PUNO,CARABAYA,SAN GABAN
SLIP-262,3/01/2020,-16.495804,-70.756978,MOQUEGUA,GENERAL SANCHEZ CERRO,MATALAQUE
SLIP-263,12/01/2020,-6.495217,-77.413911,AMAZONAS,RODRIGUEZ DE MENDOZA,MILPUC
SLIP-264,2/01/2020,-9.368143,-75.790758,HUANUCO,LEONCIO PRADO,DANIEL ALOMIA ROBLES
SLIP-265,20/01/2020,-8.854123,-77.125835,HUANUCO,HUACAYBAMBA,CANCHABAMBA
SLIP-266,17/01/2020,-15.21468,-72.93254,AREQUIPA,LA UNION,COTAHUASI
SLIP-267,19/01/2020,-17.48131,-70.059974,TACNA,TARATA,TICACO
SLIP-268,21/01/2020,-9.185968,-77.75412,ANCASH,YUNGAY,MATACOTO
SLIP-269,21/01/2020,-16.7737,-70.883982,MOQUEGUA,MARISCAL NIETO,CARUMAS
SLIP-270,21/01/2020,-11.911113,-76.572127,LIMA,HUAROCHIRI,SANTA CRUZ DE COCACHACRA
SLIP-271,21/01/2020,-8.9304,-77.020721,HUANUCO,HUACAYBAMBA,PINRA
SLIP-272,21/01/2020,-8.623295,-77.583047,ANCASH,SIHUAS,SICSIBAMBA
SLIP-273,21/01/2020,-8.623295,-77.583047,ANCASH,SIHUAS,SICSIBAMBA
SLIP-274,29/01/2020,-12.507579,-73.858434,AYACUCHO,HUANTA,SIVIA
SLIP-275,28/01/2020,-14.676523,-75.072927,ICA,NASCA,EL INGENIO
SLIP-276,28/01/2020,-12.837996,-75.181213,HUANCAVELICA,HUANCAVELICA,ASCENSION
SLIP-277,22/01/2020,-15.711692,-74.447845,AREQUIPA,CARAVELI,YAUCA
SLIP-278,25/01/2020,-17.614882,-71.33828,MOQUEGUA,ILO,PACOCHA
SLIP-279,23/01/2020,-11.963115,-76.791404,LIMA,LIMA,LURIGANCHO
SLIP-280,28/01/2020,-6.935644,-78.088405,CAJAMARCA,CELENDIN,JORGE CHAVEZ
SLIP-281,28/01/2020,-15.134094,-72.42077,AREQUIPA,CONDESUYOS,CAYARANI
SLIP-283,28/01/2020,-14.032755,-69.391823,PUNO,SANDIA,ALTO INAMBARI
SLIP-284,20/01/2020,-14.364141,-72.898111,APURIMAC,ANTABAMBA,ANTABAMBA
SLIP-285,1/02/2020,-13.860415,-73.074288,APURIMAC,ABANCAY,PICHIRHUA
SLIP-286,31/01/2020,-13.366154,-75.448517,HUANCAVELICA,CASTROVIRREYNA,MOLLEPAMPA
SLIP-287,5/02/2020,-13.366154,-75.448517,HUANCAVELICA,CASTROVIRREYNA,MOLLEPAMPA
SLIP-288,7/02/2020,-13.139725,-72.573896,CUSCO,URUBAMBA,MACHUPICCHU
SLIP-289,8/02/2020,-13.053451,-74.483783,HUANCAVELICA,ANGARAES,SECCLLA
SLIP-290,10/02/2020,-9.296421,-76.466596,HUANUCO,HUAMALIES,MONZON
SLIP-291,9/02/2020,-9.712606,-76.094052,HUANUCO,HUANUCO,CHINCHAO
SLIP-292,10/02/2020,-13.406022,-73.545164,APURIMAC,CHINCHEROS,EL PORVENIR
SLIP-293,9/02/2020,-8.984391,-77.171155,ANCASH,CARLOS FERMIN FITZCARRALD,SAN NICOLAS
SLIP-294,24/02/2020,-16.783987,-70.689198,MOQUEGUA,MARISCAL NIETO,CUCHUMBAYA
SLIP-295,22/02/2020,-17.089936,-70.837561,MOQUEGUA,MARISCAL NIETO,TORATA
SLIP-296,15/02/2020,-13.651818,-74.60184,AYACUCHO,VICTOR FAJARDO,VILCANCHOS
SLIP-297,2/04/2020,-15.191984,-73.190817,AYACUCHO,PAUCAR DEL SARA SARA,OYOLO
SLIP-298,1/04/2020,-15.554145,-72.969826,AREQUIPA,CONDESUYOS,CHICHAS
SLIP-299,31/03/2020,-10.641094,-75.94896,PASCO,PASCO,HUACHON
SLIP-300,16/03/2020,-10.296521,-76.332101,HUANUCO,AMBO,SAN FRANCISCO
SLIP-301,28/03/2020,-8.62225,-77.091761,HUANUCO,MARAÑON,HUACRACHUCO
SLIP-302,27/03/2020,-8.28733,-77.303905,LA LIBERTAD,PATAZ,TAYABAMBA
SLIP-303,21/03/2020,-14.901298,-74.557442,AYACUCHO,LUCANAS,SANTA LUCIA
SLIP-304,21/03/2020,-14.654838,-75.059848,ICA,NASCA,EL INGENIO
SLIP-305,21/03/2020,-14.533716,-75.192733,ICA,PALPA,PALPA
SLIP-306,12/03/2020,-13.340285,-75.601631,HUANCAVELICA,CASTROVIRREYNA,CAPILLAS
SLIP-307,14/03/2020,-16.431444,-71.631988,AREQUIPA,AREQUIPA,UCHUMAYO
SLIP-308,16/03/2020,-9.868393,-76.159599,HUANUCO,HUANUCO,SANTA MARIA DEL VALLE
SLIP-309,17/03/2020,-13.681085,-72.989408,APURIMAC,ANDAHUAYLAS,HUANCARAMA
SLIP-310,16/03/2020,-6.176815,-77.854951,AMAZONAS,CHACHAPOYAS,HUANCAS
SLIP-311,2/03/2020,-9.177956,-77.75553,ANCASH,YUNGAY,MATACOTO
SLIP-312,2/03/2020,-10.118241,-77.150084,ANCASH,BOLOGNESI,HUASTA
SLIP-313,2/03/2020,-10.38781,-77.150084,ANCASH,BOLOGNESI,MANGAS
SLIP-314,26/02/2020,-17.202728,-70.987821,MOQUEGUA,MARISCAL NIETO,MOQUEGUA
SLIP-315,11/08/2020,-6.166715,-77.867314,AMAZONAS,CHACHAPOYAS,HUANCAS
SLIP-316,30/09/2020,-5.937301,-78.053656,AMAZONAS,BONGARA,JAZAN
SLIP-317,12/11/2020,-10.73031,-75.818082,PASCO,PASCO,PAUCARTAMBO
SLIP-318,29/11/2020,-12.963839,-72.664526,CUSCO,LA CONVENCION,MARANURA
SLIP-319,14/11/2020,-9.568169,-76.134077,HUANUCO,HUANUCO,CHINCHAO
SLIP-320,2/12/2020,-5.865539,-78.259091,AMAZONAS,UTCUBAMBA,JAMALCA
SLIP-321,7/12/2020,-13.604132,-71.758114,CUSCO,QUISPICANCHI,LUCRE
SLIP-322,6/12/2020,-9.778087,-77.632819,ANCASH,AIJA,AIJA
SLIP-323,11/12/2020,-9.153485,-75.774578,UCAYALI,PADRE ABAD,PADRE ABAD
SLIP-325,29/12/2020,-15.977454,-71.817499,AREQUIPA,CAYLLOMA,HUANCA
SLIP-326,11/12/2020,-9.544158,-76.163577,HUANUCO,HUANUCO,CHINCHAO
SLIP-327,25/12/2020,-13.648363,-73.359733,APURIMAC,ANDAHUAYLAS,SAN JERONIMO
SLIP-328,26/12/2020,-10.283142,-74.949862,PASCO,OXAPAMPA,PUERTO BERMUDEZ
SLIP-329,27/12/2020,-11.685853,-76.369237,LIMA,HUAROCHIRI,CARAMPOMA
SLIP-330,28/12/2020,-13.221645,-70.621141,CUSCO,QUISPICANCHI,CAMANTI
LGC-1,4/01/2014,-11.6953,-71.9165,MADRE DE DIOS,MANU,FITZCARRALD
LGC-2,5/04/2010,-12.9655,-71.4216,CUSCO,PAUCARTAMBO,KOSÑIPATA
LGC-3,9/01/2011,-12.3325,-73.1219,CUSCO,LA CONVENCION,ECHARATE
LGC-4,15/02/2011,-13.8158,-70.2659,PUNO,CARABAYA,ITUATA
LGC-5,2/03/2009,-13.917,-70.233,PUNO,CARABAYA,ITUATA
LGC-6,15/02/2011,-14.0731,-72.9562,APURIMAC,ABANCAY,CIRCA
LGC-7,23/01/2010,-13.2122,-72.3902,CUSCO,URUBAMBA,MACHUPICCHU
LGC-8,5/04/2010,-13.1171,-71.5841,CUSCO,PAUCARTAMBO,KOSÑIPATA
LGC-9,9/03/2012,-15.746,-73.8721,AREQUIPA,CARAVELI,CHAPARRA
LGC-10,4/10/2008,-14,-70.4,PUNO,CARABAYA,MACUSANI
LGC-11,14/04/2009,-7.9589,-77.5239,LA LIBERTAD,PATAZ,PARCOY
LGC-12,17/10/2012,-6.0082,-77.2506,SAN MARTIN,RIOJA,RIOJA
LGC-13,26/03/2010,-14.1232,-70.1217,PUNO,CARABAYA,USICAYOS
LGC-14,23/01/2010,-13.1809,-72.5273,CUSCO,URUBAMBA,MACHUPICCHU
LGC-15,15/02/2012,-8.5348,-78.0834,ANCASH,PALLASCA,SANTA ROSA
LGC-16,29/12/2009,-15.345,-71.489,AREQUIPA,CAYLLOMA,TISCO
LGC-17,16/12/2009,-12.15,-76.2333,LIMA,HUAROCHIRI,SANGALLAYA
LGC-18,9/01/2011,-8.6252,-77.8341,ANCASH,CORONGO,YANAC
LGC-19,1/04/2010,-9.7996,-76.1038,HUANUCO,HUANUCO,CHINCHAO
LGC-20,19/11/2014,-9.3884,-77.1255,ANCASH,HUARI,MASIN
LGC-21,3/04/2011,-13.5138,-71.9911,CUSCO,CUSCO,CUSCO
LGC-22,20/01/2010,-13.1409,-74.2155,AYACUCHO,HUAMANGA,JESUS NAZARENO
LGC-23,23/01/2010,-13.2873,-72.1137,CUSCO,URUBAMBA,URUBAMBA
LGC-24,23/01/2010,-13.3342,-72.0826,CUSCO,URUBAMBA,HUAYLLABAMBA
LGC-25,18/03/2012,-13.6291,-72.8718,APURIMAC,ABANCAY,ABANCAY
LGC-26,16/12/2009,-11.9181,-76.6664,LIMA,HUAROCHIRI,SANTA EULALIA
LGC-27,28/02/2010,-15.2086,-72.8973,AREQUIPA,LA UNION,COTAHUASI
LGC-28,7/11/2010,-9.9241,-76.2488,HUANUCO,HUANUCO,HUANUCO
LGC-29,19/01/2009,-11.1295,-75.3587,JUNIN,CHANCHAMAYO,SAN RAMON
LGC-30,15/02/2009,-11.9374,-76.701,LIMA,LIMA,LURIGANCHO
LGC-31,20/01/2014,-12.432,-75.0369,HUANCAVELICA,HUANCAVELICA,CUENCA
LGC-32,2/04/2010,-10.1258,-76.2043,HUANUCO,AMBO,AMBO
LGC-33,18/03/2012,-13.5168,-73.7262,APURIMAC,CHINCHEROS,CHINCHEROS
LGC-34,23/01/2010,-12.7823,-74.9756,HUANCAVELICA,HUANCAVELICA,ASCENSION
LGC-35,28/01/2010,-9.3584,-77.5984,ANCASH,CARHUAZ,ANTA
LGC-36,17/10/2010,-13.3042,-72.1167,CUSCO,URUBAMBA,URUBAMBA
LGC-37,16/12/2009,-11.9009,-76.6643,LIMA,HUAROCHIRI,SANTA EULALIA
LGC-38,17/12/2009,-13.1583,-74.2239,AYACUCHO,HUAMANGA,AYACUCHO
LGC-39,16/12/2009,-11.9431,-76.7094,LIMA,LIMA,LURIGANCHO
LGC-40,6/02/2010,-13.4547,-72.2556,CUSCO,ANTA,ZURITE
LGC-41,9/02/2010,-13.4547,-72.2556,CUSCO,ANTA,ZURITE
LGC-42,14/04/2009,-7.8058,-77.7172,LA LIBERTAD,SANCHEZ CARRION,COCHORCO
LGC-44,5/03/2008,-9.2114,-76.1311,HUANUCO,HUAMALIES,MONZON
LGC-45,2/02/2007,-13.268,-72.4005,CUSCO,URUBAMBA,OLLANTAYTAMBO
LGC-46,3/01/2007,-10.3838,-75.4267,PASCO,OXAPAMPA,PALCAZU
LGC-47,2/07/2010,-13.3219,-72.2308,CUSCO,URUBAMBA,MARAS
LGC-48,7/03/2009,-16.3556,-71.4842,AREQUIPA,AREQUIPA,ALTO SELVA ALEGRE
LGC-49,11/04/2008,-9.2965,-77.6613,ANCASH,CARHUAZ,CARHUAZ
LGC-51,10/12/2014,-15.6929,-71.8688,AREQUIPA,CAYLLOMA,CABANACONDE
